image,class,bbox_x,bbox_y,bbox_w,bbox_h,kp1_x,kp1_y,kp2_x,kp2_y
mask/michal_mask_1.jpg,MASK,234,61,258,205,319,195,384,197
mask/michal_mask_10.jpg,MASK,234,51,247,191,290,163,350,167
mask/michal_mask_100.jpg,MASK,198,89,233,201,316,210,363,207
mask/michal_mask_11.jpg,MASK,242,57,261,209,323,199,379,201
mask/michal_mask_12.jpg,MASK,229,49,273,225,313,196,368,195
mask/michal_mask_13.jpg,MASK,223,51,252,223,278,164,328,168
mask/michal_mask_14.jpg,MASK,228,53,267,218,262,186,298,184
mask/michal_mask_15.jpg,MASK,231,53,268,207,284,203,328,199
mask/michal_mask_16.jpg,MASK,225,41,273,210,317,168,373,169
mask/michal_mask_17.jpg,MASK,220,49,253,219,360,171,402,168
mask/michal_mask_18.jpg,MASK,217,58,265,231,353,192,399,197
mask/michal_mask_19.jpg,MASK,228,59,254,206,312,189,368,189
mask/michal_mask_2.jpg,MASK,238,59,249,207,316,180,378,183
mask/michal_mask_20.jpg,MASK,228,54,242,209,276,169,323,165
mask/michal_mask_21.jpg,MASK,252,70,242,190,325,198,386,199
mask/michal_mask_22.jpg,MASK,260,73,245,182,320,195,377,196
mask/michal_mask_23.jpg,MASK,241,82,226,195,278,168,325,172
mask/michal_mask_24.jpg,MASK,221,70,257,206,256,201,291,205
mask/michal_mask_25.jpg,MASK,221,64,258,207,284,211,338,212
mask/michal_mask_26.jpg,MASK,248,85,218,188,324,170,375,168
mask/michal_mask_27.jpg,MASK,242,65,241,217,368,176,415,179
mask/michal_mask_28.jpg,MASK,248,60,259,218,356,208,407,209
mask/michal_mask_29.jpg,MASK,245,70,241,190,303,184,355,189
mask/michal_mask_3.jpg,MASK,237,58,248,201,283,165,331,164
mask/michal_mask_30.jpg,MASK,231,69,238,202,271,168,316,162
mask/michal_mask_31.jpg,MASK,223,78,252,215,310,209,368,210
mask/michal_mask_32.jpg,MASK,221,63,239,216,301,193,349,196
mask/michal_mask_33.jpg,MASK,240,91,211,185,265,193,308,190
mask/michal_mask_34.jpg,MASK,202,96,237,205,248,232,285,228
mask/michal_mask_35.jpg,MASK,206,72,249,193,266,221,319,221
mask/michal_mask_36.jpg,MASK,228,76,232,191,297,182,348,185
mask/michal_mask_37.jpg,MASK,230,70,258,211,340,191,383,196
mask/michal_mask_38.jpg,MASK,243,92,258,216,348,245,387,245
mask/michal_mask_39.jpg,MASK,253,81,241,186,311,223,373,221
mask/michal_mask_4.jpg,MASK,209,52,258,243,261,185,292,189
mask/michal_mask_40.jpg,MASK,237,58,327,205,302,190,349,198
mask/michal_mask_41.jpg,MASK,260,109,221,182,316,216,374,220
mask/michal_mask_42.jpg,MASK,230,76,266,207,306,211,367,213
mask/michal_mask_43.jpg,MASK,202,97,233,217,260,197,309,193
mask/michal_mask_44.jpg,MASK,179,85,261,235,237,217,274,217
mask/michal_mask_45.jpg,MASK,183,109,245,210,238,243,283,246
mask/michal_mask_46.jpg,MASK,214,92,237,191,261,215,321,218
mask/michal_mask_47.jpg,MASK,252,104,211,154,298,187,354,189
mask/michal_mask_48.jpg,MASK,235,93,237,219,346,193,388,196
mask/michal_mask_49.jpg,MASK,205,77,263,259,350,236,394,239
mask/michal_mask_5.jpg,MASK,251,72,249,179,276,196,348,195
mask/michal_mask_50.jpg,MASK,221,108,233,196,303,218,368,220
mask/michal_mask_51.jpg,MASK,218,76,261,194,300,214,354,216
mask/michal_mask_52.jpg,MASK,222,89,244,188,286,203,359,211
mask/michal_mask_53.jpg,MASK,220,97,240,166,262,212,321,215
mask/michal_mask_54.jpg,MASK,210,100,245,167,237,209,275,206
mask/michal_mask_55.jpg,MASK,184,74,256,199,233,188,265,184
mask/michal_mask_56.jpg,MASK,196,106,226,171,234,208,268,202
mask/michal_mask_57.jpg,MASK,190,105,250,182,247,229,299,233
mask/michal_mask_58.jpg,MASK,192,94,261,198,279,227,347,231
mask/michal_mask_59.jpg,MASK,254,115,232,160,303,196,354,198
mask/michal_mask_6.jpg,MASK,236,57,248,191,314,163,385,165
mask/michal_mask_60.jpg,MASK,243,88,237,162,313,183,365,187
mask/michal_mask_61.jpg,MASK,226,76,259,209,313,217,367,218
mask/michal_mask_62.jpg,MASK,249,95,192,187,305,196,363,192
mask/michal_mask_63.jpg,MASK,236,82,212,163,287,171,345,182
mask/michal_mask_64.jpg,MASK,232,99,209,173,271,184,301,183
mask/michal_mask_65.jpg,MASK,218,94,229,189,259,214,298,215
mask/michal_mask_66.jpg,MASK,220,94,233,185,251,247,301,251
mask/michal_mask_67.jpg,MASK,197,88,244,193,268,245,306,244
mask/michal_mask_68.jpg,MASK,224,86,245,185,287,220,343,225
mask/michal_mask_69.jpg,MASK,226,103,215,171,297,191,366,197
mask/michal_mask_7.jpg,MASK,252,69,254,211,353,163,410,164
mask/michal_mask_70.jpg,MASK,241,81,256,189,328,207,385,213
mask/michal_mask_71.jpg,MASK,229,87,238,199,314,211,370,212
mask/michal_mask_72.jpg,MASK,252,104,239,157,304,213,358,208
mask/michal_mask_73.jpg,MASK,226,98,222,186,280,193,323,194
mask/michal_mask_74.jpg,MASK,233,96,232,185,260,192,295,193
mask/michal_mask_75.jpg,MASK,221,102,228,193,254,211,280,220
mask/michal_mask_76.jpg,MASK,212,96,248,197,241,238,279,249
mask/michal_mask_77.jpg,MASK,214,92,255,194,267,235,327,234
mask/michal_mask_78.jpg,MASK,228,92,247,185,292,215,339,209
mask/michal_mask_79.jpg,MASK,220,94,273,192,286,202,340,201
mask/michal_mask_8.jpg,MASK,228,82,248,220,343,194,389,193
mask/michal_mask_80.jpg,MASK,239,77,258,150,299,187,344,199
mask/michal_mask_81.jpg,MASK,252,90,236,167,313,212,371,213
mask/michal_mask_82.jpg,MASK,234,87,239,182,309,213,378,213
mask/michal_mask_83.jpg,MASK,238,91,224,168,311,209,362,212
mask/michal_mask_84.jpg,MASK,240,78,252,164,279,195,339,193
mask/michal_mask_85.jpg,MASK,213,63,275,197,256,194,290,197
mask/michal_mask_86.jpg,MASK,204,91,220,169,238,213,275,232
mask/michal_mask_87.jpg,MASK,205,87,255,197,230,242,266,247
mask/michal_mask_88.jpg,MASK,220,83,252,171,249,233,292,228
mask/michal_mask_89.jpg,MASK,192,102,247,203,258,220,314,215
mask/michal_mask_9.jpg,MASK,235,71,281,242,463,338,302,177
mask/michal_mask_90.jpg,MASK,236,114,217,165,272,206,314,205
mask/michal_mask_91.jpg,MASK,242,89,265,171,303,217,354,220
mask/michal_mask_92.jpg,MASK,206,68,279,203,281,229,354,223
mask/michal_mask_93.jpg,MASK,215,84,266,193,271,228,331,230
mask/michal_mask_94.jpg,MASK,203,98,235,186,250,205,303,207
mask/michal_mask_95.jpg,MASK,235,83,274,155,253,187,299,181
mask/michal_mask_96.jpg,MASK,200,79,236,188,229,196,274,201
mask/michal_mask_97.jpg,MASK,212,103,230,178,251,220,300,216
mask/michal_mask_98.jpg,MASK,220,81,256,181,280,201,332,199
mask/michal_mask_99.jpg,MASK,190,59,280,226,297,188,349,186
no_mask/michal_no_mask_1.jpg,NO_MASK,199,23,279,224,282,164,343,162
no_mask/michal_no_mask_10.jpg,NO_MASK,202,36,230,169,240,142,295,142
no_mask/michal_no_mask_100.jpg,NO_MASK,203,78,230,169,263,199,309,196
no_mask/michal_no_mask_11.jpg,NO_MASK,197,36,235,219,230,142,288,140
no_mask/michal_no_mask_12.jpg,NO_MASK,179,47,255,220,217,180,254,173
no_mask/michal_no_mask_13.jpg,NO_MASK,180,35,263,216,234,193,289,187
no_mask/michal_no_mask_14.jpg,NO_MASK,207,32,260,190,269,162,332,159
no_mask/michal_no_mask_15.jpg,NO_MASK,210,21,259,199,309,131,357,133
no_mask/michal_no_mask_16.jpg,NO_MASK,190,26,254,230,346,146,388,153
no_mask/michal_no_mask_17.jpg,NO_MASK,225,34,282,202,359,187,396,189
no_mask/michal_no_mask_18.jpg,NO_MASK,206,26,279,212,302,175,362,177
no_mask/michal_no_mask_19.jpg,NO_MASK,215,29,242,188,256,141,321,139
no_mask/michal_no_mask_2.jpg,NO_MASK,179,8,250,205,230,145,278,140
no_mask/michal_no_mask_20.jpg,NO_MASK,189,25,261,201,222,138,278,134
no_mask/michal_no_mask_21.jpg,NO_MASK,212,85,243,178,277,191,332,188
no_mask/michal_no_mask_22.jpg,NO_MASK,191,59,232,173,246,159,304,163
no_mask/michal_no_mask_23.jpg,NO_MASK,172,62,222,172,215,162,264,155
no_mask/michal_no_mask_24.jpg,NO_MASK,139,72,282,208,188,190,223,189
no_mask/michal_no_mask_25.jpg,NO_MASK,147,80,267,175,206,230,257,225
no_mask/michal_no_mask_26.jpg,NO_MASK,189,98,233,168,241,197,291,193
no_mask/michal_no_mask_27.jpg,NO_MASK,211,78,225,183,270,153,327,150
no_mask/michal_no_mask_28.jpg,NO_MASK,215,61,249,185,319,161,361,158
no_mask/michal_no_mask_29.jpg,NO_MASK,224,69,273,187,328,219,370,217
no_mask/michal_no_mask_3.jpg,NO_MASK,167,30,255,227,200,165,230,166
no_mask/michal_no_mask_30.jpg,NO_MASK,170,53,291,221,280,224,335,223
no_mask/michal_no_mask_31.jpg,NO_MASK,202,50,264,197,281,184,339,179
no_mask/michal_no_mask_32.jpg,NO_MASK,204,62,246,187,263,156,313,157
no_mask/michal_no_mask_33.jpg,NO_MASK,178,62,218,216,212,140,255,134
no_mask/michal_no_mask_34.jpg,NO_MASK,137,49,237,219,184,149,208,151
no_mask/michal_no_mask_35.jpg,NO_MASK,157,67,259,207,167,198,200,200
no_mask/michal_no_mask_36.jpg,NO_MASK,167,66,261,212,198,225,242,227
no_mask/michal_no_mask_37.jpg,NO_MASK,200,62,239,171,247,175,292,161
no_mask/michal_no_mask_38.jpg,NO_MASK,189,56,227,199,270,121,327,125
no_mask/michal_no_mask_39.jpg,NO_MASK,208,51,228,200,333,142,379,142
no_mask/michal_no_mask_4.jpg,NO_MASK,157,45,241,236,214,198,268,187
no_mask/michal_no_mask_40.jpg,NO_MASK,212,46,271,187,346,189,391,190
no_mask/michal_no_mask_41.jpg,NO_MASK,192,46,277,228,278,178,336,179
no_mask/michal_no_mask_42.jpg,NO_MASK,205,44,238,196,242,150,295,141
no_mask/michal_no_mask_43.jpg,NO_MASK,169,38,237,237,201,150,253,151
no_mask/michal_no_mask_44.jpg,NO_MASK,129,39,274,232,174,195,219,193
no_mask/michal_no_mask_45.jpg,NO_MASK,186,49,282,196,211,209,251,205
no_mask/michal_no_mask_46.jpg,NO_MASK,166,48,235,201,222,167,301,177
no_mask/michal_no_mask_47.jpg,NO_MASK,208,45,257,165,268,133,331,143
no_mask/michal_no_mask_48.jpg,NO_MASK,211,47,231,215,320,152,368,146
no_mask/michal_no_mask_49.jpg,NO_MASK,227,49,334,249,364,205,403,206
no_mask/michal_no_mask_5.jpg,NO_MASK,189,31,229,207,256,150,323,159
no_mask/michal_no_mask_50.jpg,NO_MASK,228,63,254,186,313,209,366,214
no_mask/michal_no_mask_51.jpg,NO_MASK,255,36,235,170,296,146,359,152
no_mask/michal_no_mask_52.jpg,NO_MASK,245,31,244,171,286,150,348,148
no_mask/michal_no_mask_53.jpg,NO_MASK,212,16,255,208,310,156,366,161
no_mask/michal_no_mask_54.jpg,NO_MASK,241,19,245,170,282,149,346,154
no_mask/michal_no_mask_55.jpg,NO_MASK,220,30,262,166,277,145,347,156
no_mask/michal_no_mask_56.jpg,NO_MASK,240,41,231,167,306,162,386,157
no_mask/michal_no_mask_57.jpg,NO_MASK,216,38,257,230,294,145,356,162
no_mask/michal_no_mask_58.jpg,NO_MASK,222,47,253,218,283,154,344,150
no_mask/michal_no_mask_59.jpg,NO_MASK,222,35,241,197,311,146,376,151
no_mask/michal_no_mask_6.jpg,NO_MASK,176,47,259,272,305,132,361,141
no_mask/michal_no_mask_60.jpg,NO_MASK,253,68,257,179,343,183,396,175
no_mask/michal_no_mask_61.jpg,NO_MASK,221,38,302,183,308,195,367,193
no_mask/michal_no_mask_62.jpg,NO_MASK,248,95,277,203,305,233,383,226
no_mask/michal_no_mask_63.jpg,NO_MASK,209,90,280,221,326,246,379,246
no_mask/michal_no_mask_64.jpg,NO_MASK,221,75,285,248,341,194,389,184
no_mask/michal_no_mask_65.jpg,NO_MASK,187,64,278,269,287,199,345,194
no_mask/michal_no_mask_66.jpg,NO_MASK,184,60,263,226,251,180,343,187
no_mask/michal_no_mask_67.jpg,NO_MASK,214,70,255,198,279,174,339,167
no_mask/michal_no_mask_68.jpg,NO_MASK,208,64,234,184,256,189,319,174
no_mask/michal_no_mask_69.jpg,NO_MASK,141,48,287,266,245,187,307,191
no_mask/michal_no_mask_7.jpg,NO_MASK,255,54,229,160,343,151,391,150
no_mask/michal_no_mask_70.jpg,NO_MASK,189,45,278,230,279,218,320,210
no_mask/michal_no_mask_71.jpg,NO_MASK,231,92,241,164,285,198,355,208
no_mask/michal_no_mask_72.jpg,NO_MASK,235,102,212,177,284,201,353,203
no_mask/michal_no_mask_73.jpg,NO_MASK,228,102,220,149,248,190,313,190
no_mask/michal_no_mask_74.jpg,NO_MASK,197,89,222,170,228,174,266,169
no_mask/michal_no_mask_75.jpg,NO_MASK,178,60,213,159,242,159,294,162
no_mask/michal_no_mask_76.jpg,NO_MASK,180,81,239,196,288,165,358,167
no_mask/michal_no_mask_77.jpg,NO_MASK,233,48,301,189,330,189,361,190
no_mask/michal_no_mask_78.jpg,NO_MASK,221,62,321,210,311,233,371,230
no_mask/michal_no_mask_79.jpg,NO_MASK,242,105,220,157,295,209,369,209
no_mask/michal_no_mask_8.jpg,NO_MASK,196,74,270,305,346,185,393,185
no_mask/michal_no_mask_80.jpg,NO_MASK,224,100,213,177,263,176,323,183
no_mask/michal_no_mask_81.jpg,NO_MASK,215,79,226,157,275,181,335,181
no_mask/michal_no_mask_82.jpg,NO_MASK,238,76,214,142,279,183,342,190
no_mask/michal_no_mask_83.jpg,NO_MASK,169,54,235,212,277,179,338,179
no_mask/michal_no_mask_84.jpg,NO_MASK,208,81,191,214,321,160,358,163
no_mask/michal_no_mask_85.jpg,NO_MASK,229,46,226,181,318,144,368,153
no_mask/michal_no_mask_86.jpg,NO_MASK,241,78,238,168,326,186,368,189
no_mask/michal_no_mask_87.jpg,NO_MASK,229,82,244,160,282,196,338,192
no_mask/michal_no_mask_88.jpg,NO_MASK,209,70,248,173,269,191,332,195
no_mask/michal_no_mask_89.jpg,NO_MASK,222,67,260,164,250,188,325,182
no_mask/michal_no_mask_9.jpg,NO_MASK,205,71,230,212,277,177,336,189
no_mask/michal_no_mask_90.jpg,NO_MASK,223,86,214,160,251,164,304,168
no_mask/michal_no_mask_91.jpg,NO_MASK,148,61,283,260,272,202,318,202
no_mask/michal_no_mask_92.jpg,NO_MASK,218,100,218,160,261,183,310,195
no_mask/michal_no_mask_93.jpg,NO_MASK,232,80,230,152,272,203,323,196
no_mask/michal_no_mask_94.jpg,NO_MASK,230,120,200,149,282,200,330,201
no_mask/michal_no_mask_95.jpg,NO_MASK,217,112,236,189,321,207,365,218
no_mask/michal_no_mask_96.jpg,NO_MASK,245,119,226,177,351,212,392,211
no_mask/michal_no_mask_97.jpg,NO_MASK,251,93,251,158,293,183,357,185
no_mask/michal_no_mask_98.jpg,NO_MASK,240,105,189,117,268,190,313,199
no_mask/michal_no_mask_99.jpg,NO_MASK,197,105,211,196,244,190,311,192
bad_mask/michal_bad_mask_1.jpg,BAD_MASK,152,83,244,293,283,175,364,173
bad_mask/michal_bad_mask_10.jpg,BAD_MASK,203,75,231,227,331,174,391,169
bad_mask/michal_bad_mask_100.jpg,BAD_MASK,210,85,246,210,307,200,369,189
bad_mask/michal_bad_mask_101.jpg,BAD_MASK,228,105,191,186,286,170,349,169
bad_mask/michal_bad_mask_102.jpg,BAD_MASK,204,77,220,201,278,158,347,160
bad_mask/michal_bad_mask_103.jpg,BAD_MASK,168,44,232,214,256,147,318,155
bad_mask/michal_bad_mask_104.jpg,BAD_MASK,186,39,261,153,236,165,279,177
bad_mask/michal_bad_mask_105.jpg,BAD_MASK,226,67,238,168,244,178,306,182
bad_mask/michal_bad_mask_106.jpg,BAD_MASK,226,65,204,173,289,143,344,144
bad_mask/michal_bad_mask_107.jpg,BAD_MASK,235,57,218,213,322,140,370,142
bad_mask/michal_bad_mask_108.jpg,BAD_MASK,245,62,239,175,330,181,368,189
bad_mask/michal_bad_mask_109.jpg,BAD_MASK,195,45,244,205,281,168,347,175
bad_mask/michal_bad_mask_11.jpg,BAD_MASK,216,70,223,191,293,187,365,188
bad_mask/michal_bad_mask_110.jpg,BAD_MASK,240,73,0,0,263,162,261,162
bad_mask/michal_bad_mask_111.jpg,BAD_MASK,252,152,208,169,302,221,362,220
bad_mask/michal_bad_mask_112.jpg,BAD_MASK,224,127,213,220,300,215,367,221
bad_mask/michal_bad_mask_113.jpg,BAD_MASK,233,121,182,182,274,193,332,193
bad_mask/michal_bad_mask_114.jpg,BAD_MASK,238,118,191,165,271,217,339,219
bad_mask/michal_bad_mask_115.jpg,BAD_MASK,236,136,207,163,295,229,348,227
bad_mask/michal_bad_mask_116.jpg,BAD_MASK,227,138,200,166,302,225,350,226
bad_mask/michal_bad_mask_117.jpg,BAD_MASK,265,135,198,165,319,206,356,212
bad_mask/michal_bad_mask_118.jpg,BAD_MASK,234,121,232,208,324,225,376,236
bad_mask/michal_bad_mask_119.jpg,BAD_MASK,226,119,218,221,309,227,373,234
bad_mask/michal_bad_mask_12.jpg,BAD_MASK,233,94,199,180,300,175,367,174
bad_mask/michal_bad_mask_120.jpg,BAD_MASK,217,142,186,169,276,211,335,216
bad_mask/michal_bad_mask_121.jpg,BAD_MASK,237,134,195,151,293,212,353,214
bad_mask/michal_bad_mask_122.jpg,BAD_MASK,247,127,190,141,282,205,327,205
bad_mask/michal_bad_mask_123.jpg,BAD_MASK,220,128,204,156,267,202,313,198
bad_mask/michal_bad_mask_124.jpg,BAD_MASK,214,126,215,168,255,217,306,224
bad_mask/michal_bad_mask_125.jpg,BAD_MASK,242,155,187,151,280,226,326,229
bad_mask/michal_bad_mask_126.jpg,BAD_MASK,245,137,180,152,298,198,350,202
bad_mask/michal_bad_mask_127.jpg,BAD_MASK,249,126,198,157,324,196,357,199
bad_mask/michal_bad_mask_128.jpg,BAD_MASK,246,139,211,191,313,218,369,219
bad_mask/michal_bad_mask_129.jpg,BAD_MASK,235,136,185,163,295,222,347,224
bad_mask/michal_bad_mask_13.jpg,BAD_MASK,228,73,199,197,298,143,361,142
bad_mask/michal_bad_mask_130.jpg,BAD_MASK,227,112,216,160,290,211,337,215
bad_mask/michal_bad_mask_131.jpg,BAD_MASK,242,135,196,166,298,220,359,232
bad_mask/michal_bad_mask_132.jpg,BAD_MASK,210,132,214,205,299,225,349,231
bad_mask/michal_bad_mask_133.jpg,BAD_MASK,234,148,190,173,301,230,348,231
bad_mask/michal_bad_mask_134.jpg,BAD_MASK,248,144,197,161,315,207,359,207
bad_mask/michal_bad_mask_135.jpg,BAD_MASK,263,145,178,146,314,198,373,201
bad_mask/michal_bad_mask_136.jpg,BAD_MASK,260,126,215,159,308,231,352,221
bad_mask/michal_bad_mask_137.jpg,BAD_MASK,227,155,193,175,288,246,331,250
bad_mask/michal_bad_mask_138.jpg,BAD_MASK,233,156,182,140,262,237,311,240
bad_mask/michal_bad_mask_139.jpg,BAD_MASK,229,138,186,146,262,209,309,210
bad_mask/michal_bad_mask_14.jpg,BAD_MASK,212,59,228,198,280,150,336,149
bad_mask/michal_bad_mask_140.jpg,BAD_MASK,209,124,207,167,252,203,301,207
bad_mask/michal_bad_mask_141.jpg,BAD_MASK,233,135,226,158,283,226,344,225
bad_mask/michal_bad_mask_142.jpg,BAD_MASK,182,122,233,215,290,237,351,230
bad_mask/michal_bad_mask_143.jpg,BAD_MASK,242,151,193,158,294,222,352,226
bad_mask/michal_bad_mask_144.jpg,BAD_MASK,231,119,220,194,317,206,372,205
bad_mask/michal_bad_mask_145.jpg,BAD_MASK,235,123,223,160,298,226,348,220
bad_mask/michal_bad_mask_146.jpg,BAD_MASK,236,148,205,153,284,260,348,255
bad_mask/michal_bad_mask_147.jpg,BAD_MASK,217,127,214,162,265,223,323,220
bad_mask/michal_bad_mask_148.jpg,BAD_MASK,226,153,187,139,260,214,311,213
bad_mask/michal_bad_mask_149.jpg,BAD_MASK,186,123,227,181,243,207,285,208
bad_mask/michal_bad_mask_15.jpg,BAD_MASK,234,90,191,160,287,166,360,169
bad_mask/michal_bad_mask_150.jpg,BAD_MASK,204,127,213,173,255,223,305,221
bad_mask/michal_bad_mask_151.jpg,BAD_MASK,225,107,219,179,300,225,355,224
bad_mask/michal_bad_mask_152.jpg,BAD_MASK,241,116,220,184,308,196,364,195
bad_mask/michal_bad_mask_153.jpg,BAD_MASK,247,130,220,176,338,211,363,214
bad_mask/michal_bad_mask_154.jpg,BAD_MASK,238,149,199,181,324,234,365,232
bad_mask/michal_bad_mask_155.jpg,BAD_MASK,235,141,201,167,292,210,337,201
bad_mask/michal_bad_mask_156.jpg,BAD_MASK,195,112,227,212,265,193,310,195
bad_mask/michal_bad_mask_157.jpg,BAD_MASK,202,121,222,171,235,217,285,216
bad_mask/michal_bad_mask_158.jpg,BAD_MASK,236,176,165,147,260,233,316,228
bad_mask/michal_bad_mask_159.jpg,BAD_MASK,253,149,184,136,282,218,349,222
bad_mask/michal_bad_mask_16.jpg,BAD_MASK,236,79,228,185,296,190,369,184
bad_mask/michal_bad_mask_160.jpg,BAD_MASK,258,194,0,0,290,214,343,212
bad_mask/michal_bad_mask_161.jpg,BAD_MASK,240,136,207,184,307,222,359,215
bad_mask/michal_bad_mask_162.jpg,BAD_MASK,261,134,175,154,303,210,362,218
bad_mask/michal_bad_mask_163.jpg,BAD_MASK,242,108,213,157,299,200,349,197
bad_mask/michal_bad_mask_164.jpg,BAD_MASK,233,117,217,180,284,204,333,199
bad_mask/michal_bad_mask_165.jpg,BAD_MASK,215,90,246,176,278,212,319,218
bad_mask/michal_bad_mask_166.jpg,BAD_MASK,257,148,185,139,286,221,339,222
bad_mask/michal_bad_mask_167.jpg,BAD_MASK,248,101,231,152,292,196,353,209
bad_mask/michal_bad_mask_168.jpg,BAD_MASK,239,126,188,196,308,188,392,205
bad_mask/michal_bad_mask_169.jpg,BAD_MASK,258,119,212,185,330,190,384,197
bad_mask/michal_bad_mask_17.jpg,BAD_MASK,205,65,250,218,298,197,349,196
bad_mask/michal_bad_mask_170.jpg,BAD_MASK,265,119,222,178,339,212,390,221
bad_mask/michal_bad_mask_171.jpg,BAD_MASK,243,129,191,160,300,218,352,218
bad_mask/michal_bad_mask_172.jpg,BAD_MASK,235,138,230,211,309,221,377,221
bad_mask/michal_bad_mask_173.jpg,BAD_MASK,259,153,200,161,313,238,379,236
bad_mask/michal_bad_mask_174.jpg,BAD_MASK,265,159,195,149,323,233,373,228
bad_mask/michal_bad_mask_175.jpg,BAD_MASK,248,145,194,161,294,228,367,230
bad_mask/michal_bad_mask_176.jpg,BAD_MASK,236,122,195,162,287,209,351,219
bad_mask/michal_bad_mask_177.jpg,BAD_MASK,234,154,197,160,263,200,327,201
bad_mask/michal_bad_mask_178.jpg,BAD_MASK,213,122,188,172,267,194,333,191
bad_mask/michal_bad_mask_179.jpg,BAD_MASK,197,141,179,195,276,223,306,219
bad_mask/michal_bad_mask_18.jpg,BAD_MASK,215,104,216,204,279,187,339,180
bad_mask/michal_bad_mask_180.jpg,BAD_MASK,246,141,195,138,293,229,340,230
bad_mask/michal_bad_mask_181.jpg,BAD_MASK,223,139,217,152,290,215,353,233
bad_mask/michal_bad_mask_182.jpg,BAD_MASK,266,119,213,164,279,197,353,200
bad_mask/michal_bad_mask_183.jpg,BAD_MASK,263,129,181,160,315,205,362,199
bad_mask/michal_bad_mask_184.jpg,BAD_MASK,253,145,229,206,321,228,376,227
bad_mask/michal_bad_mask_185.jpg,BAD_MASK,223,137,210,173,294,223,349,227
bad_mask/michal_bad_mask_186.jpg,BAD_MASK,243,134,187,146,275,200,329,202
bad_mask/michal_bad_mask_187.jpg,BAD_MASK,213,104,213,199,264,201,310,194
bad_mask/michal_bad_mask_188.jpg,BAD_MASK,208,112,235,194,254,207,300,207
bad_mask/michal_bad_mask_189.jpg,BAD_MASK,212,124,240,180,261,228,320,223
bad_mask/michal_bad_mask_19.jpg,BAD_MASK,210,108,189,183,260,191,329,187
bad_mask/michal_bad_mask_190.jpg,BAD_MASK,236,124,221,167,278,210,349,213
bad_mask/michal_bad_mask_191.jpg,BAD_MASK,238,136,192,158,286,211,351,217
bad_mask/michal_bad_mask_192.jpg,BAD_MASK,222,139,198,177,311,222,360,222
bad_mask/michal_bad_mask_193.jpg,BAD_MASK,256,159,163,154,310,234,369,231
bad_mask/michal_bad_mask_194.jpg,BAD_MASK,264,129,173,140,305,210,368,211
bad_mask/michal_bad_mask_195.jpg,BAD_MASK,213,119,198,173,280,203,346,203
bad_mask/michal_bad_mask_196.jpg,BAD_MASK,231,144,242,156,266,221,316,220
bad_mask/michal_bad_mask_197.jpg,BAD_MASK,238,144,201,139,282,241,348,240
bad_mask/michal_bad_mask_198.jpg,BAD_MASK,242,162,140,125,280,229,329,231
bad_mask/michal_bad_mask_199.jpg,BAD_MASK,188,123,216,204,291,238,333,235
bad_mask/michal_bad_mask_2.jpg,BAD_MASK,243,80,197,148,286,153,353,158
bad_mask/michal_bad_mask_20.jpg,BAD_MASK,200,88,254,206,243,181,309,183
bad_mask/michal_bad_mask_200.jpg,BAD_MASK,250,156,191,150,301,231,361,228
bad_mask/michal_bad_mask_201.jpg,BAD_MASK,259,151,178,150,300,218,359,219
bad_mask/michal_bad_mask_202.jpg,BAD_MASK,243,134,191,178,294,204,353,204
bad_mask/michal_bad_mask_203.jpg,BAD_MASK,253,120,185,158,271,190,311,190
bad_mask/michal_bad_mask_204.jpg,BAD_MASK,219,140,186,157,250,206,281,201
bad_mask/michal_bad_mask_205.jpg,BAD_MASK,225,164,185,138,252,235,294,234
bad_mask/michal_bad_mask_206.jpg,BAD_MASK,221,141,190,166,261,220,325,215
bad_mask/michal_bad_mask_207.jpg,BAD_MASK,244,121,185,172,287,183,346,182
bad_mask/michal_bad_mask_208.jpg,BAD_MASK,245,129,189,190,319,193,367,186
bad_mask/michal_bad_mask_209.jpg,BAD_MASK,245,104,270,201,333,245,388,232
bad_mask/michal_bad_mask_21.jpg,BAD_MASK,234,69,241,188,289,154,354,157
bad_mask/michal_bad_mask_210.jpg,BAD_MASK,247,127,270,172,315,247,367,247
bad_mask/michal_bad_mask_211.jpg,BAD_MASK,204,136,205,212,293,217,363,221
bad_mask/michal_bad_mask_212.jpg,BAD_MASK,224,106,208,201,308,223,344,224
bad_mask/michal_bad_mask_213.jpg,BAD_MASK,275,149,202,142,314,238,378,239
bad_mask/michal_bad_mask_214.jpg,BAD_MASK,261,133,207,161,338,229,382,229
bad_mask/michal_bad_mask_215.jpg,BAD_MASK,265,134,217,188,340,225,401,238
bad_mask/michal_bad_mask_216.jpg,BAD_MASK,265,138,189,131,304,216,350,220
bad_mask/michal_bad_mask_217.jpg,BAD_MASK,232,121,213,161,277,194,348,209
bad_mask/michal_bad_mask_218.jpg,BAD_MASK,230,124,198,130,271,235,335,230
bad_mask/michal_bad_mask_219.jpg,BAD_MASK,227,157,203,144,270,256,329,255
bad_mask/michal_bad_mask_22.jpg,BAD_MASK,225,56,212,163,247,119,308,128
bad_mask/michal_bad_mask_220.jpg,BAD_MASK,237,182,187,160,280,248,332,243
bad_mask/michal_bad_mask_221.jpg,BAD_MASK,238,157,165,157,293,220,348,221
bad_mask/michal_bad_mask_222.jpg,BAD_MASK,255,131,181,151,303,195,363,198
bad_mask/michal_bad_mask_223.jpg,BAD_MASK,264,134,167,157,323,198,379,206
bad_mask/michal_bad_mask_224.jpg,BAD_MASK,242,126,224,182,334,234,384,239
bad_mask/michal_bad_mask_225.jpg,BAD_MASK,273,138,179,143,303,214,367,223
bad_mask/michal_bad_mask_226.jpg,BAD_MASK,263,143,141,144,290,188,326,190
bad_mask/michal_bad_mask_227.jpg,BAD_MASK,231,132,190,153,258,200,316,198
bad_mask/michal_bad_mask_228.jpg,BAD_MASK,195,139,189,187,261,226,307,227
bad_mask/michal_bad_mask_229.jpg,BAD_MASK,207,140,181,189,283,222,330,219
bad_mask/michal_bad_mask_23.jpg,BAD_MASK,204,65,206,165,225,146,266,147
bad_mask/michal_bad_mask_230.jpg,BAD_MASK,258,148,161,146,300,216,359,221
bad_mask/michal_bad_mask_231.jpg,BAD_MASK,196,124,212,226,303,225,347,224
bad_mask/michal_bad_mask_232.jpg,BAD_MASK,239,147,186,164,296,218,352,225
bad_mask/michal_bad_mask_233.jpg,BAD_MASK,253,168,177,155,306,251,357,246
bad_mask/michal_bad_mask_234.jpg,BAD_MASK,269,149,189,144,320,229,364,229
bad_mask/michal_bad_mask_235.jpg,BAD_MASK,262,145,154,137,299,201,355,206
bad_mask/michal_bad_mask_236.jpg,BAD_MASK,253,137,179,147,294,202,333,203
bad_mask/michal_bad_mask_237.jpg,BAD_MASK,246,153,152,136,271,219,321,220
bad_mask/michal_bad_mask_238.jpg,BAD_MASK,235,118,216,141,275,234,330,233
bad_mask/michal_bad_mask_239.jpg,BAD_MASK,242,144,189,149,283,238,352,235
bad_mask/michal_bad_mask_24.jpg,BAD_MASK,180,95,226,214,226,188,267,182
bad_mask/michal_bad_mask_240.jpg,BAD_MASK,204,146,176,171,293,221,339,222
bad_mask/michal_bad_mask_241.jpg,BAD_MASK,268,165,155,123,300,224,355,226
bad_mask/michal_bad_mask_242.jpg,BAD_MASK,252,153,161,133,292,216,359,213
bad_mask/michal_bad_mask_243.jpg,BAD_MASK,222,128,188,187,294,197,348,201
bad_mask/michal_bad_mask_244.jpg,BAD_MASK,261,140,169,154,328,208,371,205
bad_mask/michal_bad_mask_245.jpg,BAD_MASK,285,156,171,150,340,232,397,237
bad_mask/michal_bad_mask_246.jpg,BAD_MASK,237,116,241,204,319,234,378,243
bad_mask/michal_bad_mask_247.jpg,BAD_MASK,249,136,204,164,300,230,353,222
bad_mask/michal_bad_mask_248.jpg,BAD_MASK,243,123,192,161,301,199,344,204
bad_mask/michal_bad_mask_249.jpg,BAD_MASK,247,131,169,148,282,188,340,188
bad_mask/michal_bad_mask_25.jpg,BAD_MASK,222,76,231,170,250,183,308,179
bad_mask/michal_bad_mask_250.jpg,BAD_MASK,232,122,206,151,268,207,302,209
bad_mask/michal_bad_mask_251.jpg,BAD_MASK,231,139,231,215,299,219,354,221
bad_mask/michal_bad_mask_252.jpg,BAD_MASK,257,133,234,158,311,231,357,229
bad_mask/michal_bad_mask_253.jpg,BAD_MASK,263,158,218,162,325,247,386,247
bad_mask/michal_bad_mask_254.jpg,BAD_MASK,257,154,233,184,322,243,378,249
bad_mask/michal_bad_mask_255.jpg,BAD_MASK,254,129,231,170,316,221,365,221
bad_mask/michal_bad_mask_256.jpg,BAD_MASK,242,108,202,156,286,186,329,193
bad_mask/michal_bad_mask_257.jpg,BAD_MASK,246,134,211,139,278,184,347,193
bad_mask/michal_bad_mask_258.jpg,BAD_MASK,199,121,193,163,257,203,312,209
bad_mask/michal_bad_mask_259.jpg,BAD_MASK,213,140,205,188,280,232,314,228
bad_mask/michal_bad_mask_26.jpg,BAD_MASK,234,92,168,164,277,146,346,143
bad_mask/michal_bad_mask_260.jpg,BAD_MASK,219,153,201,173,292,240,329,235
bad_mask/michal_bad_mask_261.jpg,BAD_MASK,256,145,185,142,288,219,356,222
bad_mask/michal_bad_mask_262.jpg,BAD_MASK,233,129,189,167,304,208,353,206
bad_mask/michal_bad_mask_263.jpg,BAD_MASK,244,121,204,200,328,193,367,190
bad_mask/michal_bad_mask_264.jpg,BAD_MASK,255,132,201,193,352,217,398,220
bad_mask/michal_bad_mask_265.jpg,BAD_MASK,259,152,205,175,333,239,382,243
bad_mask/michal_bad_mask_266.jpg,BAD_MASK,255,117,213,170,307,208,356,210
bad_mask/michal_bad_mask_267.jpg,BAD_MASK,256,118,189,140,289,189,329,198
bad_mask/michal_bad_mask_268.jpg,BAD_MASK,233,124,181,155,269,201,303,204
bad_mask/michal_bad_mask_269.jpg,BAD_MASK,221,140,214,183,267,224,327,225
bad_mask/michal_bad_mask_27.jpg,BAD_MASK,237,67,211,184,290,128,357,134
bad_mask/michal_bad_mask_270.jpg,BAD_MASK,213,118,244,229,286,208,355,216
bad_mask/michal_bad_mask_271.jpg,BAD_MASK,228,131,221,189,305,228,358,226
bad_mask/michal_bad_mask_272.jpg,BAD_MASK,245,139,212,180,302,227,356,228
bad_mask/michal_bad_mask_273.jpg,BAD_MASK,239,132,215,200,319,202,367,208
bad_mask/michal_bad_mask_274.jpg,BAD_MASK,253,132,177,160,309,190,365,199
bad_mask/michal_bad_mask_275.jpg,BAD_MASK,234,122,185,168,280,188,350,193
bad_mask/michal_bad_mask_276.jpg,BAD_MASK,190,118,233,217,270,220,326,222
bad_mask/michal_bad_mask_277.jpg,BAD_MASK,242,155,208,173,279,241,325,233
bad_mask/michal_bad_mask_278.jpg,BAD_MASK,244,136,231,177,298,214,341,214
bad_mask/michal_bad_mask_279.jpg,BAD_MASK,260,118,211,163,304,197,355,201
bad_mask/michal_bad_mask_28.jpg,BAD_MASK,242,67,230,174,322,156,374,159
bad_mask/michal_bad_mask_280.jpg,BAD_MASK,237,109,299,222,310,214,362,217
bad_mask/michal_bad_mask_281.jpg,BAD_MASK,246,134,196,169,286,209,335,212
bad_mask/michal_bad_mask_282.jpg,BAD_MASK,234,113,210,183,300,201,346,204
bad_mask/michal_bad_mask_283.jpg,BAD_MASK,240,118,208,194,313,192,369,201
bad_mask/michal_bad_mask_284.jpg,BAD_MASK,246,132,240,203,341,238,402,237
bad_mask/michal_bad_mask_285.jpg,BAD_MASK,256,135,218,166,315,248,367,246
bad_mask/michal_bad_mask_286.jpg,BAD_MASK,239,139,225,180,287,229,344,228
bad_mask/michal_bad_mask_287.jpg,BAD_MASK,244,122,195,172,277,196,333,190
bad_mask/michal_bad_mask_288.jpg,BAD_MASK,223,133,189,177,257,188,301,183
bad_mask/michal_bad_mask_289.jpg,BAD_MASK,200,124,249,217,242,215,279,206
bad_mask/michal_bad_mask_29.jpg,BAD_MASK,226,89,210,192,294,180,358,174
bad_mask/michal_bad_mask_290.jpg,BAD_MASK,218,149,167,148,248,235,296,235
bad_mask/michal_bad_mask_291.jpg,BAD_MASK,236,123,221,174,295,225,351,218
bad_mask/michal_bad_mask_292.jpg,BAD_MASK,232,121,221,175,307,236,347,232
bad_mask/michal_bad_mask_293.jpg,BAD_MASK,243,132,223,171,327,224,377,229
bad_mask/michal_bad_mask_294.jpg,BAD_MASK,203,109,214,213,304,188,365,194
bad_mask/michal_bad_mask_295.jpg,BAD_MASK,236,122,178,163,284,180,333,182
bad_mask/michal_bad_mask_296.jpg,BAD_MASK,204,112,229,180,260,212,316,206
bad_mask/michal_bad_mask_297.jpg,BAD_MASK,219,126,250,184,254,236,311,240
bad_mask/michal_bad_mask_298.jpg,BAD_MASK,201,146,199,187,250,222,312,215
bad_mask/michal_bad_mask_299.jpg,BAD_MASK,226,127,189,156,269,196,328,193
bad_mask/michal_bad_mask_3.jpg,BAD_MASK,215,64,189,192,248,143,302,140
bad_mask/michal_bad_mask_30.jpg,BAD_MASK,204,72,232,210,271,167,324,166
bad_mask/michal_bad_mask_300.jpg,BAD_MASK,214,89,229,188,274,215,325,207
bad_mask/michal_bad_mask_301.jpg,BAD_MASK,233,147,198,182,284,230,330,226
bad_mask/michal_bad_mask_302.jpg,BAD_MASK,213,131,208,187,275,213,333,211
bad_mask/michal_bad_mask_303.jpg,BAD_MASK,246,135,177,168,299,191,365,193
bad_mask/michal_bad_mask_304.jpg,BAD_MASK,242,128,212,196,310,204,370,209
bad_mask/michal_bad_mask_305.jpg,BAD_MASK,233,107,230,198,317,224,368,227
bad_mask/michal_bad_mask_306.jpg,BAD_MASK,248,130,196,160,293,231,349,243
bad_mask/michal_bad_mask_307.jpg,BAD_MASK,206,121,197,198,278,203,327,216
bad_mask/michal_bad_mask_308.jpg,BAD_MASK,214,128,186,179,257,188,299,190
bad_mask/michal_bad_mask_309.jpg,BAD_MASK,209,134,178,174,234,197,276,192
bad_mask/michal_bad_mask_31.jpg,BAD_MASK,213,74,243,207,293,173,361,176
bad_mask/michal_bad_mask_310.jpg,BAD_MASK,202,139,199,186,223,224,265,228
bad_mask/michal_bad_mask_311.jpg,BAD_MASK,225,135,223,196,292,223,341,224
bad_mask/michal_bad_mask_312.jpg,BAD_MASK,216,118,244,179,274,252,336,251
bad_mask/michal_bad_mask_313.jpg,BAD_MASK,190,132,200,215,268,228,335,231
bad_mask/michal_bad_mask_314.jpg,BAD_MASK,210,123,216,175,269,203,314,208
bad_mask/michal_bad_mask_315.jpg,BAD_MASK,219,121,210,172,251,194,298,192
bad_mask/michal_bad_mask_316.jpg,BAD_MASK,207,154,201,194,266,222,310,226
bad_mask/michal_bad_mask_317.jpg,BAD_MASK,208,148,202,209,294,242,356,240
bad_mask/michal_bad_mask_318.jpg,BAD_MASK,232,132,206,186,304,224,355,220
bad_mask/michal_bad_mask_319.jpg,BAD_MASK,221,120,225,211,300,209,350,206
bad_mask/michal_bad_mask_32.jpg,BAD_MASK,212,86,229,237,290,182,353,186
bad_mask/michal_bad_mask_320.jpg,BAD_MASK,229,140,197,160,279,222,340,221
bad_mask/michal_bad_mask_321.jpg,BAD_MASK,228,148,201,167,277,228,335,224
bad_mask/michal_bad_mask_322.jpg,BAD_MASK,221,138,198,176,277,213,335,212
bad_mask/michal_bad_mask_323.jpg,BAD_MASK,231,136,190,174,293,190,345,192
bad_mask/michal_bad_mask_324.jpg,BAD_MASK,206,109,234,225,320,207,358,208
bad_mask/michal_bad_mask_325.jpg,BAD_MASK,251,101,244,164,324,233,377,235
bad_mask/michal_bad_mask_326.jpg,BAD_MASK,241,128,217,176,296,231,356,239
bad_mask/michal_bad_mask_327.jpg,BAD_MASK,228,133,204,184,285,204,342,203
bad_mask/michal_bad_mask_328.jpg,BAD_MASK,195,101,230,215,253,190,296,188
bad_mask/michal_bad_mask_329.jpg,BAD_MASK,213,131,206,188,250,209,292,210
bad_mask/michal_bad_mask_33.jpg,BAD_MASK,219,65,244,189,273,161,340,169
bad_mask/michal_bad_mask_330.jpg,BAD_MASK,213,137,212,173,255,227,313,225
bad_mask/michal_bad_mask_331.jpg,BAD_MASK,209,127,224,195,281,227,343,227
bad_mask/michal_bad_mask_332.jpg,BAD_MASK,211,125,223,207,300,237,353,235
bad_mask/michal_bad_mask_333.jpg,BAD_MASK,238,127,239,183,312,239,363,237
bad_mask/michal_bad_mask_334.jpg,BAD_MASK,208,133,201,183,278,207,338,208
bad_mask/michal_bad_mask_335.jpg,BAD_MASK,212,109,235,197,276,196,331,195
bad_mask/michal_bad_mask_336.jpg,BAD_MASK,214,137,242,176,250,211,312,225
bad_mask/michal_bad_mask_337.jpg,BAD_MASK,208,152,214,173,261,244,318,245
bad_mask/michal_bad_mask_338.jpg,BAD_MASK,222,141,198,162,277,236,333,233
bad_mask/michal_bad_mask_339.jpg,BAD_MASK,239,143,195,151,277,225,345,228
bad_mask/michal_bad_mask_34.jpg,BAD_MASK,224,75,197,158,263,151,325,145
bad_mask/michal_bad_mask_340.jpg,BAD_MASK,235,154,187,158,297,213,347,209
bad_mask/michal_bad_mask_341.jpg,BAD_MASK,206,125,237,193,286,220,346,227
bad_mask/michal_bad_mask_342.jpg,BAD_MASK,219,130,207,174,289,205,332,203
bad_mask/michal_bad_mask_343.jpg,BAD_MASK,230,145,186,172,302,195,354,196
bad_mask/michal_bad_mask_344.jpg,BAD_MASK,220,118,235,200,339,236,377,235
bad_mask/michal_bad_mask_345.jpg,BAD_MASK,241,148,210,163,305,259,362,260
bad_mask/michal_bad_mask_346.jpg,BAD_MASK,214,136,210,180,279,218,334,225
bad_mask/michal_bad_mask_347.jpg,BAD_MASK,210,135,203,182,250,186,300,187
bad_mask/michal_bad_mask_348.jpg,BAD_MASK,170,123,212,214,221,214,244,217
bad_mask/michal_bad_mask_349.jpg,BAD_MASK,183,135,227,177,218,269,266,277
bad_mask/michal_bad_mask_35.jpg,BAD_MASK,199,61,206,197,244,144,295,137
bad_mask/michal_bad_mask_350.jpg,BAD_MASK,194,133,209,189,266,225,316,223
bad_mask/michal_bad_mask_351.jpg,BAD_MASK,207,134,212,205,283,222,331,220
bad_mask/michal_bad_mask_352.jpg,BAD_MASK,224,156,188,172,281,232,328,230
bad_mask/michal_bad_mask_353.jpg,BAD_MASK,213,154,186,196,306,229,352,234
bad_mask/michal_bad_mask_354.jpg,BAD_MASK,218,119,204,156,308,188,354,195
bad_mask/michal_bad_mask_355.jpg,BAD_MASK,234,98,241,197,329,199,368,201
bad_mask/michal_bad_mask_356.jpg,BAD_MASK,247,153,210,170,310,240,361,246
bad_mask/michal_bad_mask_357.jpg,BAD_MASK,218,141,201,157,271,225,325,231
bad_mask/michal_bad_mask_358.jpg,BAD_MASK,201,145,199,152,244,244,285,246
bad_mask/michal_bad_mask_359.jpg,BAD_MASK,206,148,198,145,224,198,286,197
bad_mask/michal_bad_mask_36.jpg,BAD_MASK,176,81,213,203,223,151,275,140
bad_mask/michal_bad_mask_360.jpg,BAD_MASK,208,139,183,161,244,180,287,182
bad_mask/michal_bad_mask_361.jpg,BAD_MASK,251,141,219,160,280,227,333,225
bad_mask/michal_bad_mask_362.jpg,BAD_MASK,202,131,226,258,288,198,353,192
bad_mask/michal_bad_mask_363.jpg,BAD_MASK,251,141,206,161,317,189,367,191
bad_mask/michal_bad_mask_364.jpg,BAD_MASK,213,106,227,224,355,228,389,228
bad_mask/michal_bad_mask_365.jpg,BAD_MASK,228,112,231,181,315,242,366,247
bad_mask/michal_bad_mask_366.jpg,BAD_MASK,234,127,205,151,271,195,326,196
bad_mask/michal_bad_mask_367.jpg,BAD_MASK,219,95,233,222,253,189,288,200
bad_mask/michal_bad_mask_368.jpg,BAD_MASK,166,123,223,224,227,244,261,248
bad_mask/michal_bad_mask_369.jpg,BAD_MASK,205,136,202,161,256,234,313,240
bad_mask/michal_bad_mask_37.jpg,BAD_MASK,163,74,211,191,206,168,263,158
bad_mask/michal_bad_mask_370.jpg,BAD_MASK,230,130,195,168,281,210,328,209
bad_mask/michal_bad_mask_371.jpg,BAD_MASK,204,123,240,215,279,222,341,226
bad_mask/michal_bad_mask_372.jpg,BAD_MASK,238,137,229,198,305,246,368,245
bad_mask/michal_bad_mask_373.jpg,BAD_MASK,237,136,219,158,279,249,343,251
bad_mask/michal_bad_mask_374.jpg,BAD_MASK,205,119,215,170,264,220,313,228
bad_mask/michal_bad_mask_375.jpg,BAD_MASK,213,143,194,171,257,199,310,200
bad_mask/michal_bad_mask_376.jpg,BAD_MASK,188,127,194,211,253,195,328,193
bad_mask/michal_bad_mask_377.jpg,BAD_MASK,207,102,239,195,255,202,310,194
bad_mask/michal_bad_mask_378.jpg,BAD_MASK,191,118,236,155,240,228,295,226
bad_mask/michal_bad_mask_379.jpg,BAD_MASK,204,120,244,183,261,251,326,243
bad_mask/michal_bad_mask_38.jpg,BAD_MASK,169,42,257,239,235,176,276,166
bad_mask/michal_bad_mask_380.jpg,BAD_MASK,202,96,266,188,292,257,351,250
bad_mask/michal_bad_mask_381.jpg,BAD_MASK,214,110,234,195,273,212,323,215
bad_mask/michal_bad_mask_382.jpg,BAD_MASK,194,99,220,211,292,191,337,190
bad_mask/michal_bad_mask_383.jpg,BAD_MASK,164,73,292,273,334,208,378,207
bad_mask/michal_bad_mask_384.jpg,BAD_MASK,214,97,309,205,332,257,384,261
bad_mask/michal_bad_mask_385.jpg,BAD_MASK,220,98,275,184,278,230,342,231
bad_mask/michal_bad_mask_386.jpg,BAD_MASK,218,101,277,193,252,185,293,182
bad_mask/michal_bad_mask_387.jpg,BAD_MASK,207,121,210,149,227,196,253,193
bad_mask/michal_bad_mask_388.jpg,BAD_MASK,176,102,272,187,202,241,231,238
bad_mask/michal_bad_mask_389.jpg,BAD_MASK,130,91,272,256,223,231,279,236
bad_mask/michal_bad_mask_39.jpg,BAD_MASK,143,64,251,224,235,179,303,175
bad_mask/michal_bad_mask_390.jpg,BAD_MASK,209,132,220,183,259,210,328,204
bad_mask/michal_bad_mask_391.jpg,BAD_MASK,211,138,202,180,278,224,331,227
bad_mask/michal_bad_mask_392.jpg,BAD_MASK,196,137,225,210,280,232,332,232
bad_mask/michal_bad_mask_393.jpg,BAD_MASK,216,135,238,194,293,249,356,251
bad_mask/michal_bad_mask_394.jpg,BAD_MASK,226,147,207,204,314,229,382,235
bad_mask/michal_bad_mask_395.jpg,BAD_MASK,219,136,202,201,291,196,344,190
bad_mask/michal_bad_mask_396.jpg,BAD_MASK,198,116,211,209,252,186,314,191
bad_mask/michal_bad_mask_397.jpg,BAD_MASK,195,122,241,198,244,212,296,216
bad_mask/michal_bad_mask_398.jpg,BAD_MASK,218,129,224,155,250,245,305,243
bad_mask/michal_bad_mask_399.jpg,BAD_MASK,231,129,229,190,276,223,342,229
bad_mask/michal_bad_mask_4.jpg,BAD_MASK,181,59,247,222,213,133,290,152
bad_mask/michal_bad_mask_40.jpg,BAD_MASK,213,71,243,157,241,185,320,186
bad_mask/michal_bad_mask_400.jpg,BAD_MASK,221,105,252,198,300,222,348,219
bad_mask/michal_bad_mask_401.jpg,BAD_MASK,264,118,213,142,308,231,348,229
bad_mask/michal_bad_mask_402.jpg,BAD_MASK,234,112,210,170,299,191,347,189
bad_mask/michal_bad_mask_403.jpg,BAD_MASK,249,112,197,201,317,183,383,183
bad_mask/michal_bad_mask_404.jpg,BAD_MASK,249,106,229,204,350,205,391,209
bad_mask/michal_bad_mask_405.jpg,BAD_MASK,197,100,219,233,305,212,351,214
bad_mask/michal_bad_mask_406.jpg,BAD_MASK,246,123,201,180,276,188,330,190
bad_mask/michal_bad_mask_407.jpg,BAD_MASK,214,115,192,154,245,198,284,204
bad_mask/michal_bad_mask_408.jpg,BAD_MASK,179,129,264,186,223,248,259,244
bad_mask/michal_bad_mask_409.jpg,BAD_MASK,224,124,197,154,269,222,327,216
bad_mask/michal_bad_mask_41.jpg,BAD_MASK,232,84,209,173,292,179,382,178
bad_mask/michal_bad_mask_410.jpg,BAD_MASK,225,96,241,178,298,208,350,210
bad_mask/michal_bad_mask_411.jpg,BAD_MASK,246,122,212,143,303,227,358,239
bad_mask/michal_bad_mask_412.jpg,BAD_MASK,244,131,208,148,288,232,354,234
bad_mask/michal_bad_mask_413.jpg,BAD_MASK,216,137,212,193,275,239,330,239
bad_mask/michal_bad_mask_414.jpg,BAD_MASK,233,136,209,164,290,235,354,239
bad_mask/michal_bad_mask_415.jpg,BAD_MASK,238,126,196,177,301,211,350,214
bad_mask/michal_bad_mask_416.jpg,BAD_MASK,259,131,200,146,315,215,369,211
bad_mask/michal_bad_mask_417.jpg,BAD_MASK,239,126,217,171,315,239,361,230
bad_mask/michal_bad_mask_418.jpg,BAD_MASK,230,124,251,164,295,259,342,260
bad_mask/michal_bad_mask_419.jpg,BAD_MASK,223,136,228,169,259,246,308,234
bad_mask/michal_bad_mask_42.jpg,BAD_MASK,239,75,245,171,293,156,367,165
bad_mask/michal_bad_mask_420.jpg,BAD_MASK,225,130,187,166,257,221,303,221
bad_mask/michal_bad_mask_421.jpg,BAD_MASK,245,119,232,187,312,220,366,219
bad_mask/michal_bad_mask_422.jpg,BAD_MASK,272,130,189,145,303,214,367,218
bad_mask/michal_bad_mask_423.jpg,BAD_MASK,256,119,208,176,331,187,380,192
bad_mask/michal_bad_mask_424.jpg,BAD_MASK,266,134,222,197,367,215,404,220
bad_mask/michal_bad_mask_425.jpg,BAD_MASK,270,128,217,165,327,246,389,247
bad_mask/michal_bad_mask_426.jpg,BAD_MASK,254,108,220,185,289,198,364,210
bad_mask/michal_bad_mask_427.jpg,BAD_MASK,259,131,210,164,286,190,315,191
bad_mask/michal_bad_mask_428.jpg,BAD_MASK,229,137,224,160,265,227,312,230
bad_mask/michal_bad_mask_429.jpg,BAD_MASK,229,127,207,153,285,228,327,229
bad_mask/michal_bad_mask_43.jpg,BAD_MASK,225,75,215,160,260,145,322,147
bad_mask/michal_bad_mask_430.jpg,BAD_MASK,260,137,186,163,307,216,370,213
bad_mask/michal_bad_mask_431.jpg,BAD_MASK,252,124,202,168,304,230,356,228
bad_mask/michal_bad_mask_432.jpg,BAD_MASK,243,119,231,170,300,249,360,244
bad_mask/michal_bad_mask_433.jpg,BAD_MASK,275,127,217,148,308,223,368,223
bad_mask/michal_bad_mask_434.jpg,BAD_MASK,242,136,203,167,275,227,353,244
bad_mask/michal_bad_mask_435.jpg,BAD_MASK,253,137,211,161,327,228,393,235
bad_mask/michal_bad_mask_436.jpg,BAD_MASK,233,127,226,152,279,240,345,230
bad_mask/michal_bad_mask_437.jpg,BAD_MASK,208,160,201,205,278,265,322,254
bad_mask/michal_bad_mask_438.jpg,BAD_MASK,237,145,204,169,293,229,335,214
bad_mask/michal_bad_mask_439.jpg,BAD_MASK,276,128,218,138,329,219,372,231
bad_mask/michal_bad_mask_44.jpg,BAD_MASK,214,68,216,173,237,148,290,144
bad_mask/michal_bad_mask_440.jpg,BAD_MASK,247,126,204,177,333,216,387,230
bad_mask/michal_bad_mask_441.jpg,BAD_MASK,247,102,204,192,317,176,374,174
bad_mask/michal_bad_mask_442.jpg,BAD_MASK,265,92,207,172,313,152,371,153
bad_mask/michal_bad_mask_443.jpg,BAD_MASK,283,86,197,157,356,148,405,148
bad_mask/michal_bad_mask_444.jpg,BAD_MASK,272,101,206,172,331,196,384,196
bad_mask/michal_bad_mask_445.jpg,BAD_MASK,241,82,218,188,290,151,345,146
bad_mask/michal_bad_mask_446.jpg,BAD_MASK,221,86,223,176,263,164,306,169
bad_mask/michal_bad_mask_447.jpg,BAD_MASK,244,105,206,187,307,196,370,187
bad_mask/michal_bad_mask_448.jpg,BAD_MASK,264,88,207,163,302,160,383,164
bad_mask/michal_bad_mask_449.jpg,BAD_MASK,264,80,230,199,318,165,369,166
bad_mask/michal_bad_mask_45.jpg,BAD_MASK,196,102,194,185,237,181,265,179
bad_mask/michal_bad_mask_450.jpg,BAD_MASK,276,78,201,153,315,166,375,169
bad_mask/michal_bad_mask_451.jpg,BAD_MASK,249,96,219,194,311,183,372,181
bad_mask/michal_bad_mask_452.jpg,BAD_MASK,229,85,222,212,317,198,384,195
bad_mask/michal_bad_mask_453.jpg,BAD_MASK,260,117,223,195,346,221,399,217
bad_mask/michal_bad_mask_454.jpg,BAD_MASK,271,104,235,203,325,188,376,192
bad_mask/michal_bad_mask_455.jpg,BAD_MASK,255,90,211,162,293,161,349,166
bad_mask/michal_bad_mask_456.jpg,BAD_MASK,265,86,227,157,290,154,354,149
bad_mask/michal_bad_mask_457.jpg,BAD_MASK,232,91,214,167,272,158,313,160
bad_mask/michal_bad_mask_458.jpg,BAD_MASK,240,110,274,194,297,201,351,199
bad_mask/michal_bad_mask_459.jpg,BAD_MASK,242,96,182,195,326,183,381,181
bad_mask/michal_bad_mask_46.jpg,BAD_MASK,193,72,239,211,240,181,322,178
bad_mask/michal_bad_mask_460.jpg,BAD_MASK,216,78,292,301,325,172,397,171
bad_mask/michal_bad_mask_461.jpg,BAD_MASK,244,80,199,166,308,176,366,182
bad_mask/michal_bad_mask_462.jpg,BAD_MASK,249,71,193,170,319,168,366,165
bad_mask/michal_bad_mask_463.jpg,BAD_MASK,267,89,193,191,360,153,410,159
bad_mask/michal_bad_mask_464.jpg,BAD_MASK,295,100,250,192,339,184,398,191
bad_mask/michal_bad_mask_465.jpg,BAD_MASK,255,73,278,200,311,178,363,183
bad_mask/michal_bad_mask_466.jpg,BAD_MASK,235,81,199,187,273,152,319,151
bad_mask/michal_bad_mask_467.jpg,BAD_MASK,227,96,221,160,256,180,298,191
bad_mask/michal_bad_mask_468.jpg,BAD_MASK,248,101,211,158,286,198,341,194
bad_mask/michal_bad_mask_469.jpg,BAD_MASK,234,80,214,182,307,176,374,177
bad_mask/michal_bad_mask_47.jpg,BAD_MASK,223,86,233,185,273,147,343,146
bad_mask/michal_bad_mask_470.jpg,BAD_MASK,225,81,273,214,323,184,377,183
bad_mask/michal_bad_mask_471.jpg,BAD_MASK,239,84,225,207,316,194,365,196
bad_mask/michal_bad_mask_472.jpg,BAD_MASK,246,98,230,187,309,187,369,188
bad_mask/michal_bad_mask_473.jpg,BAD_MASK,202,85,215,201,262,172,313,174
bad_mask/michal_bad_mask_474.jpg,BAD_MASK,223,80,250,204,258,151,301,146
bad_mask/michal_bad_mask_475.jpg,BAD_MASK,208,85,248,231,270,185,325,188
bad_mask/michal_bad_mask_476.jpg,BAD_MASK,234,73,224,222,321,166,380,164
bad_mask/michal_bad_mask_477.jpg,BAD_MASK,277,70,236,190,356,154,400,147
bad_mask/michal_bad_mask_478.jpg,BAD_MASK,259,96,271,233,346,206,399,195
bad_mask/michal_bad_mask_479.jpg,BAD_MASK,255,93,232,208,337,216,394,217
bad_mask/michal_bad_mask_48.jpg,BAD_MASK,220,50,268,264,305,135,363,138
bad_mask/michal_bad_mask_480.jpg,BAD_MASK,222,76,263,246,312,186,371,189
bad_mask/michal_bad_mask_481.jpg,BAD_MASK,183,77,253,285,300,182,380,179
bad_mask/michal_bad_mask_482.jpg,BAD_MASK,254,77,197,200,334,155,383,150
bad_mask/michal_bad_mask_483.jpg,BAD_MASK,245,72,267,232,359,175,409,174
bad_mask/michal_bad_mask_484.jpg,BAD_MASK,225,73,245,250,341,202,395,205
bad_mask/michal_bad_mask_485.jpg,BAD_MASK,244,95,293,191,290,183,345,184
bad_mask/michal_bad_mask_486.jpg,BAD_MASK,254,93,209,187,270,153,304,158
bad_mask/michal_bad_mask_487.jpg,BAD_MASK,175,72,377,292,231,183,252,182
bad_mask/michal_bad_mask_488.jpg,BAD_MASK,184,93,255,220,233,220,291,201
bad_mask/michal_bad_mask_489.jpg,BAD_MASK,222,81,226,223,293,187,356,173
bad_mask/michal_bad_mask_49.jpg,BAD_MASK,225,53,287,229,314,161,381,160
bad_mask/michal_bad_mask_490.jpg,BAD_MASK,273,77,229,189,307,176,368,178
bad_mask/michal_bad_mask_491.jpg,BAD_MASK,186,100,189,225,284,178,340,177
bad_mask/michal_bad_mask_492.jpg,BAD_MASK,219,70,311,283,335,204,394,203
bad_mask/michal_bad_mask_493.jpg,BAD_MASK,227,73,267,247,315,167,372,162
bad_mask/michal_bad_mask_494.jpg,BAD_MASK,239,90,213,184,273,152,322,146
bad_mask/michal_bad_mask_495.jpg,BAD_MASK,184,76,299,253,246,193,282,194
bad_mask/michal_bad_mask_496.jpg,BAD_MASK,202,124,213,211,277,205,345,205
bad_mask/michal_bad_mask_497.jpg,BAD_MASK,201,98,293,252,253,165,309,168
bad_mask/michal_bad_mask_498.jpg,BAD_MASK,204,81,206,182,293,170,350,170
bad_mask/michal_bad_mask_499.jpg,BAD_MASK,185,61,282,219,290,201,340,197
bad_mask/michal_bad_mask_5.jpg,BAD_MASK,177,85,232,201,224,177,277,175
bad_mask/michal_bad_mask_50.jpg,BAD_MASK,203,85,260,264,287,189,366,170
bad_mask/michal_bad_mask_500.jpg,BAD_MASK,284,113,196,156,313,199,376,204
bad_mask/michal_bad_mask_51.jpg,BAD_MASK,196,43,255,214,281,164,356,175
bad_mask/michal_bad_mask_52.jpg,BAD_MASK,205,55,326,286,286,184,358,183
bad_mask/michal_bad_mask_53.jpg,BAD_MASK,168,55,240,234,265,167,329,168
bad_mask/michal_bad_mask_54.jpg,BAD_MASK,180,48,262,272,257,160,315,158
bad_mask/michal_bad_mask_55.jpg,BAD_MASK,169,46,245,204,227,146,281,140
bad_mask/michal_bad_mask_56.jpg,BAD_MASK,164,63,255,230,214,158,259,153
bad_mask/michal_bad_mask_57.jpg,BAD_MASK,174,75,254,240,242,175,295,170
bad_mask/michal_bad_mask_58.jpg,BAD_MASK,202,60,266,236,273,183,346,182
bad_mask/michal_bad_mask_59.jpg,BAD_MASK,179,54,254,293,301,185,349,175
bad_mask/michal_bad_mask_6.jpg,BAD_MASK,199,49,269,263,244,184,323,183
bad_mask/michal_bad_mask_60.jpg,BAD_MASK,207,62,250,237,307,163,379,160
bad_mask/michal_bad_mask_61.jpg,BAD_MASK,203,36,284,235,307,164,359,167
bad_mask/michal_bad_mask_62.jpg,BAD_MASK,232,58,245,252,288,156,356,155
bad_mask/michal_bad_mask_63.jpg,BAD_MASK,199,59,212,211,253,138,309,136
bad_mask/michal_bad_mask_64.jpg,BAD_MASK,223,62,227,204,247,157,291,164
bad_mask/michal_bad_mask_65.jpg,BAD_MASK,220,77,221,181,266,179,325,181
bad_mask/michal_bad_mask_66.jpg,BAD_MASK,214,57,229,218,272,167,352,158
bad_mask/michal_bad_mask_67.jpg,BAD_MASK,246,56,234,201,310,141,373,140
bad_mask/michal_bad_mask_68.jpg,BAD_MASK,247,55,236,196,349,135,403,135
bad_mask/michal_bad_mask_69.jpg,BAD_MASK,240,42,224,204,361,152,409,158
bad_mask/michal_bad_mask_7.jpg,BAD_MASK,219,37,261,196,269,147,325,152
bad_mask/michal_bad_mask_70.jpg,BAD_MASK,233,82,211,280,366,179,423,186
bad_mask/michal_bad_mask_71.jpg,BAD_MASK,181,39,243,245,294,171,347,176
bad_mask/michal_bad_mask_72.jpg,BAD_MASK,228,73,246,222,285,160,360,163
bad_mask/michal_bad_mask_73.jpg,BAD_MASK,218,69,218,193,267,143,324,148
bad_mask/michal_bad_mask_74.jpg,BAD_MASK,168,71,244,274,246,142,299,139
bad_mask/michal_bad_mask_75.jpg,BAD_MASK,163,69,219,222,222,151,257,145
bad_mask/michal_bad_mask_76.jpg,BAD_MASK,175,83,221,183,206,180,249,179
bad_mask/michal_bad_mask_77.jpg,BAD_MASK,174,83,225,219,246,199,299,189
bad_mask/michal_bad_mask_78.jpg,BAD_MASK,209,67,329,269,253,207,327,199
bad_mask/michal_bad_mask_79.jpg,BAD_MASK,226,97,197,188,291,173,351,176
bad_mask/michal_bad_mask_8.jpg,BAD_MASK,176,46,243,236,300,129,368,129
bad_mask/michal_bad_mask_80.jpg,BAD_MASK,187,59,225,213,317,163,372,169
bad_mask/michal_bad_mask_81.jpg,BAD_MASK,262,78,219,217,275,150,346,154
bad_mask/michal_bad_mask_82.jpg,BAD_MASK,228,62,284,186,264,130,320,134
bad_mask/michal_bad_mask_83.jpg,BAD_MASK,214,57,211,191,239,143,285,140
bad_mask/michal_bad_mask_84.jpg,BAD_MASK,180,75,228,186,219,163,255,156
bad_mask/michal_bad_mask_85.jpg,BAD_MASK,163,92,239,221,220,191,262,180
bad_mask/michal_bad_mask_86.jpg,BAD_MASK,127,80,239,291,235,183,304,173
bad_mask/michal_bad_mask_87.jpg,BAD_MASK,219,87,177,198,270,146,328,142
bad_mask/michal_bad_mask_88.jpg,BAD_MASK,219,67,210,200,298,135,359,138
bad_mask/michal_bad_mask_89.jpg,BAD_MASK,227,58,260,226,321,148,377,150
bad_mask/michal_bad_mask_9.jpg,BAD_MASK,203,48,262,243,324,135,381,151
bad_mask/michal_bad_mask_90.jpg,BAD_MASK,247,59,225,170,324,172,379,171
bad_mask/michal_bad_mask_91.jpg,BAD_MASK,196,53,240,228,267,169,343,170
bad_mask/michal_bad_mask_92.jpg,BAD_MASK,221,69,238,222,273,155,342,155
bad_mask/michal_bad_mask_93.jpg,BAD_MASK,186,56,199,179,248,127,311,132
bad_mask/michal_bad_mask_94.jpg,BAD_MASK,175,68,182,195,229,138,301,139
bad_mask/michal_bad_mask_95.jpg,BAD_MASK,182,76,246,212,206,160,262,173
bad_mask/michal_bad_mask_96.jpg,BAD_MASK,169,83,227,239,226,189,286,187
bad_mask/michal_bad_mask_97.jpg,BAD_MASK,228,84,208,179,258,174,323,178
bad_mask/michal_bad_mask_98.jpg,BAD_MASK,223,70,246,222,280,142,355,155
bad_mask/michal_bad_mask_99.jpg,BAD_MASK,223,64,220,180,294,154,360,158
